{"mse": 0.05006382708144512, "r2": 0.9331794851724481}